,City,Country,temp(F),Latitude,Longitude,Humidity(%),Cloudiness(%),Date,Wind Speed
0,Totma,RU,31.41,59.98,42.76,95,92,1551830853,5.95
1,Lagoa,PT,60.8,37.14,-8.45,82,40,1551830827,13.87
2,Iqaluit,CA,-16.01,63.75,-68.52,75,5,1551830566,0.81
3,Hobart,AU,57.2,-42.88,147.33,50,75,1551830837,8.05
4,Avarua,CK,82.4,-21.21,-159.78,65,76,1551828600,13.87
5,Victoria,BN,78.8,5.28,115.24,100,75,1551828600,2.24
6,Mariental,DE,41.0,52.28,10.99,83,8,1551830831,5.01
7,Thuin,BE,48.99,50.34,4.29,81,75,1551830829,11.41
8,Bathsheba,BB,78.8,13.22,-59.52,69,20,1551826800,18.34
9,Rikitea,PF,80.82,-23.12,-134.97,97,76,1551830856,15.12
10,Atuona,PF,82.08,-9.8,-139.03,100,36,1551830856,16.91
11,Lukulu,ZM,68.13,-14.38,23.24,77,56,1551830857,8.52
12,Cape Town,ZA,70.0,-33.93,18.42,88,0,1551830853,6.93
13,Punta Arenas,CL,48.2,-53.16,-70.91,52,75,1551830590,6.93
14,Tubuala,PA,84.2,9.52,-79.03,58,40,1551830501,16.11
15,Marsh Harbour,BS,77.76,26.54,-77.06,96,44,1551830748,14.45
16,Port Alfred,ZA,70.0,-33.59,26.89,92,12,1551830825,5.99
17,Saskylakh,RU,-7.56,71.97,114.09,60,64,1551830679,8.41
18,Pevek,RU,6.35,69.7,170.27,95,92,1551830649,3.94
19,Bluff,AU,84.83,-23.58,149.07,57,20,1551830634,10.42
20,Broome,GB,48.99,52.47,1.45,100,92,1551830856,11.41
21,Port Elizabeth,US,34.0,39.31,-74.98,58,1,1551830830,4.7
22,Mataura,NZ,75.0,-46.19,168.86,71,0,1551830409,5.01
23,Katsuura,JP,52.0,33.93,134.5,70,75,1551830083,5.82
24,Kodiak,US,21.2,39.95,-94.76,28,40,1551830824,14.99
25,Airai,TL,75.06,-8.93,125.41,86,48,1551830859,0.47
26,North Battleford,CA,14.0,52.78,-108.3,56,1,1551830622,17.22
27,Beyneu,KZ,27.63,45.32,55.19,83,44,1551830860,3.15
28,Lompoc,US,57.2,34.64,-120.46,87,90,1551830839,17.22
29,Ketchikan,US,44.6,55.34,-131.65,28,1,1551830160,4.7
30,Chumikan,RU,15.57,54.72,135.31,52,0,1551830861,6.4
31,Kerchevskiy,RU,21.51,59.95,56.29,87,92,1551830861,17.13
32,Barrow,AR,70.43,-38.31,-60.23,30,76,1551830861,7.96
33,Albany,US,26.01,42.65,-73.75,48,90,1551830616,5.82
34,Dauphin,CA,15.8,51.15,-100.04,66,1,1551826800,12.75
35,Bambous Virieux,MU,80.6,-20.34,57.76,74,20,1551830645,3.36
36,Juegang,CN,46.99,32.31,121.18,91,0,1551830627,8.86
37,Faanui,PF,84.33,-16.48,-151.75,100,80,1551830681,5.73
38,Hermanus,ZA,69.01,-34.42,19.24,80,0,1551830564,10.0
39,Torbay,CA,28.0,47.66,-52.73,73,90,1551830506,21.92
40,Natal,BR,80.6,-5.81,-35.21,78,20,1551826800,5.82
41,Tromso,NO,25.0,69.65,18.96,85,75,1551830138,47.2
42,Shenjiamen,CN,50.67,29.96,122.3,97,92,1551830863,16.46
43,Jinchang,CN,5.18,38.52,102.19,53,0,1551830864,1.92
44,Qaqortoq,GL,26.6,60.72,-46.03,53,64,1551826200,4.7
45,Tautira,PF,87.8,-17.73,-149.15,66,40,1551830586,9.17
46,Belaya Gora,RU,-27.36,68.54,146.19,42,0,1551830811,2.82
47,Fort Nelson,CA,17.6,58.81,-122.69,67,75,1551826800,3.36
48,Payo,ID,73.58,-3.75,103.64,96,88,1551830865,3.94
49,Esperance,TT,78.01,10.24,-61.45,83,20,1551830499,8.05
50,Bethel,US,35.6,60.79,-161.76,93,75,1551830160,10.29
51,Labuhan,ID,73.35,-2.54,115.51,96,88,1551830866,3.15
52,Rio Gallegos,AR,51.8,-51.62,-69.22,53,90,1551826800,8.41
53,Dikson,RU,10.13,73.51,80.55,100,76,1551830681,13.56
54,Yangambi,CD,71.6,0.77,24.47,94,0,1551830867,2.15
55,Neuquen,AR,68.0,-38.95,-68.06,52,0,1551826800,4.5
56,Ribeira Grande,PT,58.23,38.52,-28.7,100,0,1551830572,15.68
57,Ushuaia,AR,42.8,-54.81,-68.31,75,40,1551826800,29.97
58,Nelson Bay,AU,93.99,-32.72,152.14,42,0,1551830551,1.12
59,Hilo,US,72.0,19.71,-155.08,64,90,1551830780,12.75
60,Qaanaaq,GL,-9.5,77.48,-69.36,82,36,1551830677,5.17
61,Port-Cartier,CA,10.4,50.03,-66.88,46,20,1551826800,12.75
62,Upernavik,GL,10.58,72.79,-56.15,100,24,1551830868,9.98
63,Saint Stephen,US,14.0,45.7,-94.27,56,1,1551830764,6.93
64,Busselton,AU,64.0,-33.64,115.35,34,48,1551830781,21.27
65,Kapaa,US,77.0,22.08,-159.32,53,75,1551830487,18.34
66,Vaini,IN,54.36,15.34,74.49,86,8,1551830869,1.81
67,Hualmay,PE,73.8,-11.1,-77.61,73,24,1551830869,4.38
68,Cidreira,BR,75.96,-30.17,-50.22,83,76,1551830869,3.71
69,Uthal,PK,54.63,25.81,66.62,81,0,1551830869,1.59
70,Banjar,ID,72.41,-7.37,108.54,94,92,1551830870,1.92
71,Touros,BR,78.8,-5.2,-35.46,88,40,1551826800,3.36
72,Saint Anthony,US,34.0,43.97,-111.68,40,90,1551830483,8.05
73,Spearfish,US,28.0,44.49,-103.86,45,1,1551830708,4.7
74,Portland,US,46.4,45.52,-122.67,38,75,1551830588,14.99
75,Vao,EE,13.68,59.1,26.19,73,0,1551830871,9.53
76,Quimper,FR,51.01,48.0,-4.1,93,90,1551830824,19.46
77,Ocuituco,MX,89.6,18.87,-98.77,25,75,1551826140,6.93
78,Vostok,RU,23.22,46.45,135.83,71,0,1551830680,3.15
79,Aswan,EG,59.0,24.09,32.9,28,0,1551826800,11.41
80,High Prairie,CA,11.07,55.43,-116.48,66,56,1551830872,3.38
81,Umm Kaddadah,SD,68.94,13.6,26.69,22,0,1551830873,13.0
82,Mar del Plata,AR,61.83,-46.43,-67.52,54,76,1551830609,24.63
83,Banda Aceh,ID,71.64,5.56,95.32,100,20,1551830873,2.37
84,Severo-Kurilsk,RU,23.67,50.68,156.12,100,36,1551830873,15.01
85,New Norfolk,AU,57.2,-42.78,147.06,50,75,1551830837,8.05
86,Magadan,RU,7.38,59.56,150.8,100,0,1551830874,7.29
87,Hasaki,JP,50.0,35.73,140.83,76,75,1551830742,3.36
88,Saint George,GR,54.0,39.45,22.34,87,40,1551830613,4.72
89,Egvekinot,RU,21.06,66.32,-179.17,87,24,1551830874,2.93
90,Amalapuram,IN,77.76,16.58,82.0,89,44,1551830875,1.25
91,Kahului,US,78.01,20.89,-156.47,53,75,1551830618,16.11
92,Wanning,AT,41.0,48.64,13.53,86,75,1551830867,5.82
93,Georgetown,GY,77.0,6.8,-58.16,83,20,1551826800,4.7
94,Paragominas,BR,72.63,-3.0,-47.35,98,44,1551830876,2.71
95,Palauig,PH,76.46,15.44,119.9,85,0,1551830876,5.17
96,Le Mans,FR,50.0,48.01,0.2,71,0,1551830842,9.17
97,Port Lincoln,AU,63.18,-34.72,135.86,90,68,1551830877,15.01
98,Amberieu-en-Bugey,FR,50.0,45.96,5.34,53,0,1551830782,11.41
99,Kirakira,SB,83.21,-10.46,161.92,100,32,1551830877,9.42
100,Vila,IT,51.01,45.18,8.4,59,0,1551830827,6.93
101,Teya,MX,81.0,21.05,-89.07,74,90,1551830492,11.41
102,Camocim,BR,76.55,-2.9,-40.84,95,36,1551830878,3.71
103,Khatanga,RU,-3.11,71.98,102.47,73,80,1551830674,7.74
104,Klaksvik,FO,35.6,62.23,-6.59,98,44,1551829800,2.24
105,Shache,CN,34.0,38.42,77.24,45,0,1551830786,1.01
106,Waddan,LY,37.17,29.16,16.14,73,0,1551830879,2.93
107,Chernyshevskiy,RU,17.15,63.01,112.47,76,36,1551830621,9.19
108,Port Hedland,AU,89.6,-20.31,118.58,66,0,1551828600,9.17
109,Chokurdakh,RU,-23.85,70.62,147.9,35,20,1551830880,3.04
110,Peddapuram,IN,77.76,17.08,82.14,89,44,1551830880,1.25
111,Port Macquarie,AU,87.01,-31.43,152.91,65,12,1551830645,4.7
112,Altona,US,19.4,41.11,-90.16,52,40,1551830794,20.8
113,Pochutla,MX,87.8,15.74,-96.47,58,5,1551830488,11.41
114,Butaritari,KI,74.48,3.07,172.79,100,92,1551830881,2.04
115,Ler,NO,17.6,63.2,10.3,72,0,1551830717,11.41
116,Lichinga,MZ,64.31,-13.3,35.25,84,48,1551830881,4.61
117,Kaitangata,NZ,69.01,-46.28,169.85,73,0,1551830465,4.0
118,Vanimo,PG,81.36,-2.67,141.3,100,80,1551830882,10.54
119,Alice Springs,AU,82.4,-23.7,133.88,28,0,1551828600,16.11
120,Christchurch,NZ,84.0,-43.53,172.64,53,0,1551830587,5.82
121,Sabang,PH,77.31,13.72,123.58,95,92,1551830882,4.94
122,Leiyang,CN,50.45,26.42,112.85,98,92,1551830882,4.72
123,Matara,PE,48.6,-13.74,-72.9,87,48,1551830656,1.81
124,Mugur-Aksy,RU,4.95,50.38,90.44,77,0,1551830883,3.94
125,Itarema,BR,76.73,-2.92,-39.92,95,12,1551830883,4.72
126,Puerto Ayora,EC,84.2,-0.74,-90.35,66,20,1551826800,10.29
127,Udachnyy,RU,20.43,66.42,112.4,81,48,1551830884,5.61
128,Dingle,PH,78.8,11.0,122.67,79,36,1551830774,12.33
129,Saldanha,PT,51.71,41.42,-6.55,89,92,1551830884,16.8
130,Mosquera,CO,60.8,4.71,-74.23,77,40,1551826800,9.17
131,Boende,CD,71.19,-0.28,20.88,98,64,1551830885,2.59
132,Redlands,US,73.4,34.06,-117.19,42,75,1551830883,14.99
133,Tonkino,RU,34.65,57.37,46.46,96,88,1551830885,12.33
134,Mindelo,PT,57.99,41.31,-8.72,100,90,1551830825,23.04
135,Lillooet,CA,32.0,50.69,-121.94,54,90,1551826800,5.82
136,Hofn,IS,29.88,64.25,-15.21,100,12,1551830886,8.41
137,Nikolskoye,RU,15.01,59.7,30.79,78,20,1551830734,15.66
138,Komsomolskiy,RU,-5.36,67.55,63.78,53,8,1551830886,13.0
139,Jamestown,AU,57.78,-33.21,138.6,84,8,1551830887,13.0
140,Falmouth,GB,52.0,50.16,-5.07,93,75,1551830718,25.28
141,Mabaruma,GY,78.57,8.2,-59.78,77,0,1551830887,8.86
142,Yumen,CN,21.65,40.29,97.04,74,44,1551830888,2.71
143,Kavieng,PG,85.05,-2.57,150.8,98,20,1551830888,4.16
144,Yauya,PE,45.86,-8.99,-77.29,96,88,1551830888,1.81
145,Samoylovka,RU,37.0,51.19,43.71,90,92,1551830597,11.99
146,Varhaug,NO,39.99,58.61,5.65,100,40,1551830779,12.75
147,Namibe,AO,78.26,-15.19,12.15,100,36,1551830889,0.69
148,Darnah,LY,60.12,32.77,22.64,100,0,1551830889,14.67
149,Atar,MR,55.58,20.52,-13.05,25,0,1551830889,5.06
150,Gondanglegi,ID,73.53,-7.75,112.01,99,8,1551830889,3.6
151,Nyakahanga,TZ,62.6,-1.6,31.14,93,32,1551830890,2.15
152,Shingu,JP,51.8,33.72,135.99,57,75,1551826800,9.17
153,Belmonte,PT,57.99,40.36,-7.35,70,92,1551830533,15.01
154,Clyde River,CA,-5.81,70.47,-68.59,83,75,1551826800,4.94
155,Naze,NG,74.21,5.43,7.07,95,12,1551830891,3.94
156,Mount Darwin,ZW,62.51,-16.77,31.58,94,36,1551830838,2.71
157,East London,ZA,75.42,-33.02,27.91,100,20,1551830851,22.62
158,Marawi,PH,78.01,8.0,124.29,73,0,1551830445,4.0
159,Kungurtug,RU,-0.23,50.6,97.53,52,20,1551830634,2.37
160,Aguimes,ES,63.0,27.91,-15.45,77,20,1551830736,4.7
161,Leningradskiy,RU,10.71,69.38,178.42,98,88,1551830892,15.01
162,Evensk,RU,8.28,61.92,159.24,100,56,1551830631,6.96
163,Xinglongshan,CN,19.4,43.96,125.47,62,0,1551826800,4.47
164,Carnarvon,ZA,58.55,-30.97,22.13,41,0,1551830892,2.93
165,Solnechnyy,RU,16.83,50.72,136.64,69,56,1551830650,3.71
166,El Dorado,VE,78.3,6.71,-61.64,69,76,1551830893,4.61
167,Maku,IR,9.18,39.29,44.45,66,0,1551830893,3.38
168,Malia,GR,57.99,35.28,25.46,81,20,1551830828,4.7
169,Sarai Sidhu,PK,55.4,30.59,71.97,82,0,1551828600,2.82
170,Victor Harbor,AU,64.0,-35.55,138.62,48,75,1551830826,19.46
171,Araouane,ML,56.75,18.9,-3.53,24,8,1551830894,5.5
172,Alofi,NU,84.2,-19.06,-169.92,62,40,1551826800,18.34
173,Noumea,NC,87.8,-22.28,166.46,62,20,1551828600,5.82
174,Lebu,ET,45.63,8.96,38.73,89,0,1551830895,1.81
175,Tiksi,RU,3.2,71.64,128.87,72,48,1551830895,9.75
176,Ilulissat,GL,14.0,69.22,-51.1,51,20,1551826200,9.17
177,Samarai,PG,84.69,-10.62,150.67,95,12,1551830895,7.96
178,Ponta do Sol,BR,71.06,-20.63,-46.0,85,48,1551830896,3.71
179,Axim,GH,81.9,4.87,-2.24,100,44,1551830896,8.97
180,Sitka,US,28.99,37.17,-99.65,48,0,1551830496,3.0
181,Srednekolymsk,RU,-6.98,67.46,153.71,74,76,1551830896,3.27
182,Bluefield,US,30.2,37.27,-81.22,42,40,1551830782,16.11
183,Balabac,PH,81.18,7.99,117.06,98,0,1551830733,13.78
184,Laguna,MX,77.0,27.52,-110.01,41,90,1551825960,3.36
185,Orbetello,IT,45.0,42.44,11.21,80,0,1551830712,4.7
186,La Union,GT,80.01,14.97,-89.29,3,36,1551830557,1.99
187,Mahebourg,MU,80.6,-20.41,57.7,74,20,1551830645,3.36
188,Coihaique,CL,55.4,-45.58,-72.07,66,90,1551826800,8.05
189,Shimoda,JP,53.6,34.7,138.93,81,75,1551830539,10.29
190,Liverpool,GB,46.99,53.41,-2.98,93,75,1551830771,12.75
191,Tuatapere,NZ,75.0,-46.13,167.69,71,24,1551830409,5.01
192,Isangel,VU,87.8,-19.55,169.27,70,75,1551826800,8.05
193,Namatanai,PG,84.87,-3.66,152.44,94,8,1551830899,7.52
194,Saint-Georges,CA,9.0,46.12,-70.67,69,56,1551830509,1.01
195,Castro,CL,55.4,-42.48,-73.76,100,90,1551826800,16.11
196,Manzhouli,CN,6.66,49.6,117.43,58,0,1551830900,3.94
197,Pisco,PE,71.6,-13.71,-76.2,30,40,1551826800,23.04
198,Nizhniy Odes,RU,14.94,63.64,54.86,73,80,1551830900,11.1
199,Cabo San Lucas,MX,81.0,22.89,-109.91,41,40,1551830520,8.05
200,Cherskiy,RU,0.0,68.75,161.3,75,88,1551830627,2.93
201,Juquitiba,BR,71.6,-23.93,-47.07,88,75,1551826800,5.82
202,Luganville,VU,83.25,-15.51,167.18,97,64,1551830902,3.6
203,Mehamn,NO,21.2,71.03,27.85,92,90,1551824940,20.8
204,Bara,NG,74.66,10.41,10.6,29,0,1551830902,7.63
205,Inta,RU,-0.99,66.04,60.13,65,68,1551830902,4.94
206,San Rafael del Sur,NI,89.6,11.85,-86.44,49,20,1551826800,16.11
207,Camabatela,AO,64.62,-8.19,15.37,97,68,1551830903,2.82
208,Beloha,MG,75.65,-25.17,45.06,88,48,1551830903,12.33
209,Fortuna,ES,57.2,38.18,-1.13,93,75,1551830902,3.36
210,Kamenka,RU,34.43,53.19,44.05,94,92,1551830904,17.81
211,Port-Gentil,GA,84.2,-0.72,8.78,83,20,1551826800,12.75
212,Jhelum,PK,44.19,32.94,73.72,75,12,1551830772,2.93
213,Haines Junction,CA,8.06,60.75,-137.51,72,0,1551830904,2.82
214,Tupelo,US,39.2,34.26,-88.7,38,1,1551830899,11.41
215,Yellowknife,CA,15.8,62.45,-114.38,61,20,1551826800,4.7
216,Kayes,ML,67.32,14.44,-11.44,36,0,1551830905,5.06
217,Puerto Madryn,AR,69.03,-42.77,-65.04,56,24,1551830647,6.85
218,Yuci,CN,26.6,37.68,112.73,45,0,1551828600,2.24
219,Ancud,CL,55.4,-41.87,-73.83,100,90,1551826800,16.11
220,Bredasdorp,ZA,69.01,-34.53,20.04,88,0,1551830564,1.12
221,Port Keats,AU,85.86,-14.25,129.55,86,0,1551830906,11.65
222,Grand Gaube,MU,80.6,-20.01,57.66,74,20,1551830645,3.36
223,Sambava,MG,78.98,-14.27,50.17,100,56,1551830768,5.61
224,Salamiyah,SY,45.72,35.01,37.05,100,88,1551830907,3.15
225,Boysun,UZ,21.33,38.2,67.2,62,44,1551830907,2.37
226,Abancay,PE,48.06,-13.64,-72.88,83,36,1551830908,1.36
227,Katangli,RU,17.46,51.71,143.23,100,32,1551830908,11.99
228,Nago,IT,46.99,45.88,10.89,75,0,1551830886,3.36
229,Springbok,ZA,55.98,-29.67,17.88,78,0,1551830908,2.71
230,Tasiilaq,GL,19.4,65.61,-37.64,44,20,1551826200,24.16
231,Arraial do Cabo,BR,80.64,-22.97,-42.02,92,64,1551830909,13.67
232,Yukamenskoye,RU,31.01,57.89,52.24,87,92,1551830909,15.57
233,Ostersund,SE,8.6,63.18,14.64,65,0,1551830499,10.29
234,Maragogi,BR,77.63,-9.01,-35.22,95,88,1551830706,7.07
235,Straumen,NO,19.0,63.87,11.3,72,0,1551830769,11.41
236,Maputo,MZ,75.2,-25.97,32.57,83,75,1551826800,9.17
237,Tshikapa,CD,72.68,-6.42,20.79,96,0,1551830910,3.15
238,Ahuimanu,US,78.8,21.44,-157.84,47,75,1551830741,13.87
239,Johi,PK,57.33,26.69,67.61,81,0,1551830911,3.49
240,Chaplynka,UA,40.59,46.36,33.54,85,92,1551830911,7.85
241,Saint Lawrence,MT,55.0,36.06,14.2,93,20,1551830739,3.36
242,Norman Wells,CA,19.4,65.28,-126.83,57,20,1551826800,8.05
243,Vila Franca do Campo,PT,55.4,37.72,-25.43,58,40,1551830857,8.05
244,Kununurra,AU,86.0,-15.77,128.74,70,0,1551828600,2.24
245,Havoysund,NO,23.0,71.0,24.66,92,75,1551829800,24.16
246,Dubti,ET,71.91,11.74,41.09,58,24,1551830913,11.65
247,Nabire,ID,75.42,-3.36,135.5,84,12,1551830663,2.15
248,Dombarovskiy,RU,29.03,50.76,59.54,90,56,1551830914,10.65
249,Yining,CN,45.95,29.04,114.56,98,92,1551830914,2.93
250,Iralaya,HN,82.4,15.0,-83.23,69,20,1551826800,9.17
251,Flinders,AU,84.2,-34.58,150.85,35,0,1551830825,10.29
252,Barcelos,PT,57.2,41.53,-8.62,100,90,1551830825,23.04
253,Maniitsoq,GL,12.65,65.42,-52.9,70,20,1551830915,5.95
254,Amahai,ID,82.08,-3.31,129.0,100,32,1551830915,5.17
255,Hami,CN,42.21,42.84,93.51,46,76,1551830680,14.0
256,Pontianak,ID,75.2,-0.02,109.34,94,40,1551828600,3.36
257,Porvoo,FI,10.99,60.4,25.66,66,0,1551830873,8.05
258,Trairi,BR,81.45,-3.28,-39.27,100,24,1551830916,7.74
259,Zhigansk,RU,6.48,66.77,123.37,87,88,1551830916,11.1
260,Margate,AU,57.2,-43.03,147.26,50,75,1551830837,8.05
261,Necochea,AR,68.0,-38.55,-58.74,61,80,1551830890,5.06
262,Rio Claro,BR,69.8,-22.41,-47.56,83,0,1551826800,2.24
263,Mersing,MY,78.53,2.43,103.84,93,80,1551830917,4.38
264,Nome,US,50.0,30.04,-94.42,34,1,1551830907,10.29
265,Chara,GR,54.0,39.42,22.43,87,40,1551830613,4.72
266,Vallenar,CL,64.71,-28.58,-70.76,79,0,1551830918,1.81
267,Ola,RU,4.73,59.58,151.3,100,0,1551830918,8.08
268,Kaeo,NZ,75.0,-35.1,173.78,59,0,1551830894,1.01
269,Copiapo,CL,66.2,-27.37,-70.33,72,20,1551826800,9.17
270,Tigil,RU,9.27,57.8,158.67,82,12,1551830919,4.83
271,Blagoyevo,RU,24.3,63.37,47.92,86,92,1551830919,6.73
272,Mount Gambier,AU,57.2,-37.83,140.78,54,75,1551830040,18.34
273,Nazca,PE,73.76,-14.83,-74.94,58,88,1551830920,3.38
274,Broken Hill,AU,62.6,-31.97,141.45,67,90,1551826800,21.92
275,Henties Bay,NA,66.99,-22.12,14.28,94,24,1551830524,7.0
276,Senneterre,CA,5.0,48.39,-77.24,71,75,1551826800,2.24
277,Live Oak,US,60.01,36.97,-121.98,71,75,1551830758,14.99
278,Merauke,ID,80.73,-8.49,140.4,100,24,1551830921,4.61
279,Ambilobe,MG,72.41,-13.19,49.05,98,68,1551830921,3.15
280,Luba,PH,76.05,17.32,120.7,56,0,1551830921,4.27
281,Boshnyakovo,RU,14.36,49.65,142.17,87,48,1551830922,4.16
282,Tamandare,BR,79.43,-8.28,-70.75,84,32,1551830922,2.37
283,Mitsamiouli,KM,82.53,-11.38,43.28,99,88,1551830922,9.98
284,Prince Rupert,CA,41.0,54.32,-130.32,30,1,1551826800,6.93
285,Sistranda,NO,21.99,63.73,8.83,72,0,1551830841,10.29
286,Manokwari,ID,80.15,-0.87,134.08,100,76,1551830923,0.36
287,Potenza,IT,41.0,40.64,15.8,80,75,1551826500,11.41
288,Bangolo,CI,73.4,7.01,-7.49,86,56,1551830923,3.71
289,Tiznit,MA,52.92,29.7,-9.73,94,12,1551830923,1.36
290,Erenhot,CN,9.72,43.65,111.97,68,0,1551830924,3.94
291,Lorengau,PG,83.34,-2.02,147.27,99,20,1551830924,3.83
292,Souillac,FR,55.0,45.6,-0.6,54,0,1551830589,16.11
293,Black River,JM,80.6,18.03,-77.85,74,20,1551830427,8.05
294,Tuktoyaktuk,CA,8.6,69.44,-133.03,78,20,1551826800,6.93
295,Thompson,CA,5.0,55.74,-97.86,60,75,1551826800,9.17
296,La Rioja,AR,75.2,-29.41,-66.86,78,0,1551830926,0.92
297,Avera,US,48.2,33.19,-82.53,19,1,1551830874,13.87
298,Coquimbo,CL,64.4,-29.95,-71.34,82,0,1551826800,9.17
299,Kasempa,ZM,65.03,-13.46,25.83,76,36,1551830927,2.59
300,Puerto Cabezas,NI,82.4,14.04,-83.39,88,75,1551826800,6.93
301,Tazmalt,DZ,51.8,36.39,4.4,93,0,1551826800,8.05
302,Morant Bay,JM,82.4,17.88,-76.41,54,40,1551826800,9.17
303,Puerto Escondido,MX,86.0,15.86,-97.07,66,5,1551825600,8.05
304,Northam,GB,48.99,51.04,-4.21,100,75,1551830532,18.34
305,Kota Kinabalu,MY,80.6,5.98,116.07,74,75,1551830416,5.82
306,Sao Joao da Barra,BR,78.8,-21.64,-41.05,88,75,1551826800,4.7
307,Vilhena,BR,75.2,-12.74,-60.15,94,20,1551826800,4.7
308,Sao Filipe,CV,70.38,14.9,-24.5,97,0,1551830929,17.81
309,Mamallapuram,IN,80.6,12.63,80.17,88,20,1551828600,8.05
310,Chuy,UY,68.04,-33.69,-53.46,94,0,1551830929,8.41
311,College,US,28.99,64.86,-147.8,49,75,1551830758,7.74
312,Lagos,NG,82.4,6.46,3.39,88,20,1551826800,2.24
313,Zabaykalsk,CN,6.66,49.64,117.33,58,0,1551830930,3.94
314,Tura,IN,59.58,25.52,90.21,95,100,1551830860,3.83
315,Edd,ER,65.61,13.93,41.69,86,36,1551830931,4.05
316,Buraydah,SA,59.0,26.33,43.97,44,0,1551826800,12.75
317,Iraucuba,BR,74.3,-3.75,-39.78,93,56,1551830931,3.49
318,Guerrero Negro,MX,69.57,27.97,-114.04,56,68,1551830894,6.73
319,San Patricio,PY,78.3,-26.98,-56.83,75,24,1551830792,5.61
320,Leirvik,NO,39.99,59.78,5.5,86,92,1551830763,13.87
321,San Quintin,PH,76.05,17.54,120.52,56,0,1551830932,4.27
322,Farafangana,MG,74.79,-22.82,47.83,100,92,1551830932,7.63
323,Taltal,CL,65.52,-25.41,-70.49,77,0,1551830674,2.37
324,Kamina,CD,66.87,-8.74,25.0,90,12,1551830933,2.37
325,Sumbe,AO,78.35,-11.2,13.84,100,68,1551830933,2.82
326,Meybod,IR,44.6,32.25,54.02,33,0,1551826800,2.24
327,Grindavik,IS,28.4,63.84,-22.43,100,75,1551830055,3.36
328,Cayenne,GF,77.0,4.94,-52.33,88,92,1551828600,1.12
329,Hithadhoo,MV,81.68,-0.6,73.08,100,92,1551830934,6.73
330,Motomiya,JP,55.99,37.51,140.4,81,75,1551830613,5.82
331,Chicama,PE,77.0,-7.84,-79.15,83,75,1551826800,9.17
332,Saint-Philippe,CA,17.01,45.36,-73.48,78,90,1551830637,6.93
333,Lianran,CN,48.0,24.92,102.47,93,40,1551829824,6.71
334,Itaituba,BR,80.64,-4.26,-55.99,76,20,1551830935,4.27
335,Placido de Castro,BR,80.64,-10.34,-67.19,85,0,1551830935,2.37
336,Fairbanks,US,30.99,64.84,-147.72,49,75,1551830758,7.74
337,Vestmannaeyjar,IS,26.37,63.44,-20.27,100,0,1551830936,7.52
338,Homer,US,41.0,59.64,-151.54,65,90,1551830855,10.29
339,Rehoboth,NA,72.36,-23.31,17.08,42,76,1551830937,1.92
340,Llandrindod Wells,GB,48.0,52.24,-3.38,96,92,1551830921,8.99
341,Norwich,GB,48.2,52.63,1.29,100,92,1551830923,11.41
342,Balakhninskiy,RU,-6.08,58.01,114.28,65,0,1551830937,2.15
343,Kiama,AU,84.2,-34.67,150.86,35,0,1551830825,10.29
344,Hanmer Springs,NZ,77.0,-42.52,172.83,39,0,1551830938,2.71
345,Maldonado,UY,69.8,-34.91,-54.96,88,20,1551826800,8.05
346,Uyuni,BO,48.56,-20.46,-66.82,34,32,1551830939,1.7
347,Kastamonu,TR,24.8,41.38,33.78,85,20,1551830939,3.6
348,Mantua,IT,46.99,45.16,10.79,75,0,1551830927,3.36
349,Lavrentiya,RU,29.52,65.58,-170.99,98,92,1551830939,9.98
350,Nantucket,US,28.99,41.28,-70.1,62,40,1551830716,8.05
351,Geraldton,CA,1.4,49.72,-86.95,70,75,1551826800,6.93
352,Mehran,IR,37.4,33.12,46.17,59,0,1551826800,4.7
353,Padang,ID,69.8,-0.92,100.36,94,40,1551826800,1.12
354,Berdavan,AM,39.2,41.21,45.0,60,0,1551828600,8.05
355,Crotone,IT,58.23,39.09,17.12,97,48,1551830675,6.62
356,Scunthorpe,GB,46.99,53.59,-0.65,93,92,1551830884,16.11
357,Waipawa,NZ,80.01,-39.94,176.59,45,0,1551830355,5.01
358,Mount Isa,AU,87.8,-20.73,139.49,35,0,1551828600,4.7
359,Longyearbyen,NO,-5.81,78.22,15.63,63,20,1551829800,6.93
360,Okhotsk,RU,11.03,59.36,143.24,90,8,1551830852,5.61
361,Snasa,NO,-7.16,64.25,12.38,70,0,1551830942,3.15
362,Bud,NO,32.0,62.91,6.91,67,0,1551830444,6.93
363,Goderich,CA,18.0,43.74,-81.71,51,44,1551830811,5.01
364,Meulaboh,ID,78.84,4.14,96.13,100,8,1551830943,5.17
365,Huarmey,PE,72.68,-10.07,-78.15,73,48,1551830943,3.38
366,Voznesenye,RU,11.25,61.02,35.48,75,12,1551830944,21.72
367,Kitimat,CA,37.4,54.02,-128.69,25,5,1551826800,10.29
368,Reitz,ZA,60.39,-27.8,28.43,94,32,1551830944,8.97
369,Havre-Saint-Pierre,CA,17.6,50.23,-63.6,67,90,1551828180,19.46
370,Varamin,IR,46.4,35.33,51.65,39,0,1551830587,4.16
371,Oromocto,CA,19.4,45.85,-66.47,62,75,1551830706,4.7
372,Kizema,RU,29.97,61.11,44.83,93,88,1551830945,7.29
373,San Pedro Pinula,GT,87.8,14.66,-89.85,70,40,1551826200,9.17
374,Kijang,KR,51.8,35.24,129.21,62,90,1551826800,6.93
375,Suntar,RU,15.66,62.16,117.65,83,20,1551830946,7.74
376,Birao,CF,76.91,10.3,22.78,36,0,1551830755,9.98
377,Tateyama,JP,55.0,36.66,137.31,53,75,1551830726,11.41
378,La Palma,CO,73.44,5.36,-74.39,79,48,1551830947,1.59
379,Tadine,NC,81.86,-21.55,167.88,89,36,1551830947,18.25
380,Bijar,IR,18.95,35.87,47.6,77,0,1551830947,3.04
381,North Bend,US,46.4,43.41,-124.22,65,90,1551830718,4.94
382,Husavik,CA,10.99,50.56,-96.99,69,80,1551830670,3.0
383,Gamba,CN,-6.35,28.28,88.52,63,56,1551830948,1.59
384,Sandwick,GB,46.0,54.57,-2.89,86,88,1551830808,6.93
385,Nkowakowa,ZA,62.6,-23.89,30.29,93,0,1551826800,10.29
386,Emba,CY,50.0,34.81,32.42,87,0,1551830435,6.93
387,Hamilton,BM,71.6,32.3,-64.78,88,75,1551830716,26.4
388,Gold Coast,AU,87.01,-28.0,153.41,59,36,1551830888,3.0
389,Navirai,BR,78.57,-23.07,-54.19,77,44,1551830950,5.39
390,Reconquista,AR,71.06,-29.14,-59.64,91,0,1551830950,5.95
391,Itoman,JP,69.8,26.12,127.67,100,90,1551830160,17.22
392,Plouzane,FR,51.01,48.38,-4.62,87,100,1551830584,20.8
393,Hambantota,LK,78.75,6.12,81.12,100,0,1551830951,6.17
394,Ushtobe,KZ,22.32,45.25,77.98,71,12,1551830952,2.37
395,Poum,MK,31.59,41.28,20.71,93,36,1551830952,2.37
396,Te Anau,NZ,68.22,-45.41,167.72,51,12,1551830672,11.65
397,Douentza,ML,56.97,15.01,-2.95,49,0,1551830953,4.16
398,La Reforma,GT,89.6,14.8,-91.82,70,20,1551830419,4.7
399,Rudnogorsk,RU,23.85,57.27,103.75,82,0,1551830953,7.07
400,Huilong,CN,41.4,28.89,110.18,92,76,1551830954,2.26
401,Upata,VE,82.0,8.02,-62.41,70,92,1551830458,4.0
402,Oriximina,BR,80.01,-1.77,-55.87,83,24,1551830954,5.28
403,Malpe,IN,75.2,13.35,74.72,83,20,1551828600,4.7
404,Lavumisa,ZA,75.2,-27.31,31.88,83,88,1551826800,2.24
405,Adrar,DZ,64.4,27.87,-0.29,20,0,1551826800,11.41
406,Kruisfontein,ZA,66.24,-34.0,24.73,76,0,1551830955,12.21
407,Gazanjyk,TM,34.65,39.24,55.52,86,0,1551830955,2.59
408,The Valley,AI,77.0,18.22,-63.06,69,40,1551830483,12.75
409,Miyang,CN,51.71,24.4,103.44,98,100,1551830956,3.38
410,Andrieseni,RO,42.8,47.53,27.28,48,0,1551830882,4.7
411,Hay River,CA,12.2,60.82,-115.79,61,20,1551826800,3.36
412,Changji,CN,46.85,32.07,116.17,98,68,1551830956,4.61
413,Ludwigslust,DE,37.0,53.33,11.5,96,0,1551830725,6.85
414,Luderitz,NA,60.71,-26.65,15.16,83,0,1551830957,7.74
415,Provideniya,RU,28.4,64.42,-173.23,68,0,1551828600,11.18
416,Mobaye,CF,73.35,4.33,21.18,88,8,1551830957,2.59
417,Buchanan,LR,78.8,5.88,-10.05,94,20,1551826800,7.63
418,Santo Antonio do Ica,BR,79.56,-3.1,-67.94,87,56,1551830958,6.96
419,Fukue,JP,55.0,35.03,136.69,71,75,1551830746,9.17
420,Lom Sak,TH,73.4,16.78,101.24,73,8,1551826800,2.24
421,Cantaura,VE,83.97,9.31,-64.36,44,0,1551830958,14.34
422,Tabou,CI,84.24,4.42,-7.36,94,24,1551830958,12.44
423,Urusha,RU,7.65,54.05,122.9,64,0,1551830959,3.15
424,Caravelas,BR,83.79,-17.73,-39.27,100,80,1551830959,12.1
425,Vila Velha,BR,81.0,-3.71,-38.6,83,40,1551830623,6.93
426,Muros,ES,57.99,42.77,-9.06,93,75,1551830915,16.11
427,Saint-Paul,FR,50.0,45.22,1.9,63,0,1551830713,8.05
428,Montepuez,MZ,73.58,-13.13,39.0,93,88,1551830960,8.97
429,Hailar,CN,9.54,49.2,119.7,58,0,1551830960,6.73
430,San Rafael,AR,65.43,-34.61,-68.33,49,0,1551830961,4.05
431,Kislyakovskaya,RU,43.11,46.44,39.67,71,24,1551830962,15.23
432,Bembibre,ES,55.99,42.62,-6.42,100,88,1551830918,13.87
433,Inirida,CO,80.78,3.87,-67.92,76,32,1551830962,3.38
434,Batagay-Alyta,RU,-11.88,67.8,130.41,52,64,1551830962,2.93
435,Wuda,CN,16.65,39.5,106.72,61,0,1551830963,3.38
436,Harper,US,46.4,30.3,-99.24,38,1,1551830715,8.05
437,Sioux Lookout,CA,5.0,50.1,-91.92,50,40,1551826800,8.05
438,Fuerte Olimpo,BR,80.64,-21.04,-57.87,81,44,1551830963,2.82
439,Vanavara,RU,25.02,60.35,102.28,68,20,1551830668,11.32
440,Ayagoz,KZ,20.7,47.96,80.43,86,80,1551830963,3.04
441,Brae,GB,39.2,60.4,-1.35,60,44,1551829800,12.75
442,Umm Lajj,SA,58.46,25.02,37.27,100,0,1551830965,11.32
443,Cockburn Town,TC,78.08,21.46,-71.14,97,8,1551830965,11.77
444,Lida,BY,30.65,53.9,25.3,92,80,1551830907,8.63
445,Raudeberg,NO,39.2,61.99,5.14,86,92,1551830703,11.41
446,Roald,NO,32.0,62.58,6.12,100,12,1551830703,14.99
447,Dalvik,SE,28.99,57.79,14.13,100,75,1551830705,4.7
448,Berlevag,NO,15.8,70.86,29.09,100,44,1551830967,6.4
449,La Ronge,CA,10.4,55.1,-105.3,51,20,1551826800,12.75
450,Zhovkva,UA,39.2,50.06,23.97,69,75,1551828600,6.71
451,Kloulklubed,PW,82.4,7.04,134.26,74,75,1551829800,14.99
452,Enid,US,37.4,36.4,-97.88,29,1,1551830525,12.75
453,Auki,NG,68.22,12.18,6.51,44,0,1551830969,3.94
454,Wilmington,US,32.0,39.75,-75.55,46,1,1551830936,3.36
455,Zhireken,RU,8.15,52.82,117.29,68,20,1551830971,3.27
456,Los Llanos de Aridane,ES,62.6,28.66,-17.92,72,32,1551830414,5.82
457,Alta Floresta,BR,75.96,-9.87,-56.08,92,44,1551830974,2.37
458,Svetlaya,RU,27.5,46.54,138.33,100,92,1551830974,9.31
459,Terrace,CA,37.4,54.52,-128.61,25,5,1551826800,10.29
460,Ambatofinandrahana,MG,60.84,-20.55,46.8,97,36,1551830975,2.59
461,Dunedin,NZ,75.99,-45.87,170.5,40,0,1551830848,8.01
462,Talnakh,RU,9.81,69.49,88.39,79,76,1551830975,12.77
463,Muisne,EC,82.4,0.61,-80.02,83,40,1551826800,8.05
464,Billings,US,25.0,45.79,-108.5,57,40,1551830811,5.82
465,Millinocket,US,15.8,45.66,-68.71,52,20,1551830915,4.38
466,Byron Bay,AU,84.99,-28.65,153.62,69,0,1551830804,11.41
467,Tiarei,PF,87.8,-17.53,-149.33,66,40,1551830586,9.17
468,Marzuq,YE,56.34,14.4,46.47,96,36,1551830978,2.82
469,Saint-Leu,RE,78.8,-21.15,55.28,54,8,1551830416,3.36
470,Khatra,IN,66.15,22.98,86.85,95,92,1551830961,3.04
471,Half Moon Bay,US,59.0,37.46,-122.43,71,90,1551830923,23.04
472,Bubaque,GW,78.3,11.28,-15.83,91,0,1551830980,5.17
473,Kabinda,CD,69.3,-6.14,24.49,87,32,1551830980,2.93
474,Susanville,US,42.8,40.42,-120.65,81,75,1551830871,3.36
475,Mildura,AU,63.0,-34.18,142.16,48,56,1551830489,12.75
476,Whitianga,NZ,80.01,-36.83,175.7,57,0,1551830711,4.0
477,Vorontsovka,RU,34.56,50.61,40.34,93,88,1551830985,11.43
478,Kushiro,JP,32.0,43.11,144.15,75,20,1551826800,5.82
479,Arlit,NE,60.39,18.74,7.39,50,0,1551830985,3.38
480,Kermanshah,IR,32.0,34.32,47.07,81,0,1551828600,4.7
481,Kundiawa,PG,65.16,-6.02,144.97,90,80,1551830986,2.15
482,West Wendover,US,42.8,40.74,-114.07,73,90,1551826560,3.36
483,Yulara,AU,77.0,-25.24,130.99,38,0,1551826800,16.11
484,Saint-Augustin,FR,55.4,44.83,-0.61,54,0,1551830948,14.99
485,Santiago del Estero,AR,78.57,-27.8,-64.26,79,88,1551830988,6.62
486,Omsukchan,RU,-4.95,62.53,155.8,74,80,1551830992,4.38
487,Castanheira de Pera,PT,57.99,40.0,-8.21,93,75,1551830944,19.46
488,Mehriz,IR,44.6,31.58,54.44,33,0,1551826800,2.24
489,Bacolod,PH,79.83,10.68,122.95,76,0,1551830997,10.09
490,Bilma,NE,53.64,18.69,12.92,35,0,1551830998,2.59
491,San Carlos de Bariloche,AR,53.6,-41.13,-71.31,58,75,1551826800,20.8
492,Kalevala,FI,2.34,64.12,29.58,74,0,1551830998,7.18
493,Ingham,AU,81.5,-18.65,146.16,93,36,1551830999,3.71
494,Hirna,ET,50.45,9.22,41.1,89,0,1551830999,2.04
495,Simpang,MY,75.2,4.82,100.71,83,75,1551826800,3.36
496,Faya,SA,57.2,18.39,42.45,87,40,1551826800,8.05
497,Roebourne,AU,85.41,-20.77,117.15,53,0,1551831003,5.17
498,Sri Aman,MY,73.4,1.24,111.46,100,80,1551826800,3.36
499,Alberton,ZA,66.2,-26.25,28.13,82,44,1551830999,1.12
500,Gilbues,BR,68.9,-9.83,-45.34,94,68,1551831023,2.82
501,Parrita,CR,77.0,9.52,-84.33,60,40,1551830877,17.22
502,Ostrovnoy,RU,11.52,68.05,39.51,78,68,1551831025,19.04
503,Paulo Afonso,BR,77.67,-9.4,-38.23,76,20,1551831026,11.21
504,Kharan,PK,42.35,28.58,65.42,55,0,1551831027,2.59
505,Saint-Joseph,FR,51.01,43.56,6.97,65,0,1551831014,3.36
506,Narsaq,GL,26.6,60.91,-46.05,53,56,1551826200,4.7
507,Rajshahi,BD,64.8,24.37,88.59,96,80,1551831029,3.94
508,Yar-Sale,RU,-10.58,66.83,70.83,71,0,1551831030,6.17
509,Sept-Iles,CA,10.4,50.2,-66.38,46,20,1551826800,12.75
510,Hokitika,NZ,64.98,-42.72,170.96,94,56,1551830873,5.95
511,Arona,IT,51.01,45.76,8.56,59,0,1551831033,6.93
512,Rhyl,GB,46.99,53.32,-3.49,93,75,1551831019,12.75
513,Dudinka,RU,8.96,69.41,86.18,83,68,1551831038,16.8
514,Turukhansk,RU,13.46,65.8,87.96,91,80,1551831039,14.0
515,Guadalupe y Calvo,MX,70.02,26.09,-106.96,17,64,1551831041,2.82
516,Ust-Uda,RU,13.28,54.17,103.03,67,8,1551831041,2.26
517,Shu,KZ,33.75,43.6,73.76,80,64,1551831041,4.61
518,Maniwaki,CA,7.29,46.38,-75.98,59,44,1551830849,2.59
519,Ambanja,MG,70.88,-13.68,48.45,98,88,1551831043,3.15
520,Djenne,ML,67.73,13.91,-4.55,32,0,1551831043,9.75
521,San Jose,PH,71.78,15.79,120.99,84,0,1551830755,2.82
522,Hetauda,NP,44.6,27.43,85.03,93,20,1551829800,2.24
523,Yeppoon,AU,82.4,-23.13,150.74,65,75,1551828600,11.41
524,Oranjemund,ZA,63.27,-28.55,16.43,92,0,1551831045,11.43
525,Kachiry,KZ,22.59,53.07,76.1,90,76,1551831045,9.98
526,Pitimbu,BR,77.0,-7.47,-34.81,94,20,1551826800,4.7
527,Nosy Varika,MG,75.15,-20.58,48.53,100,88,1551831046,1.59
528,Tonk,IN,54.36,26.16,75.79,57,0,1551831046,3.94
529,Paamiut,GL,27.9,61.99,-49.67,100,64,1551831047,9.75
530,Risor,NO,28.99,58.72,9.23,95,92,1551830510,3.94
531,Pundaguitan,PH,78.8,6.37,126.17,100,64,1551831049,8.86
532,Ellesmere Port,GB,46.99,53.28,-2.9,93,75,1551831024,12.75
533,Heihe,RU,19.4,50.24,127.51,52,0,1551828600,4.47
534,Biak,ID,81.95,-0.91,122.88,89,12,1551830773,2.37
535,Astana,KZ,21.2,51.13,71.43,92,90,1551828600,15.66
536,Norton,ZW,66.33,-17.87,30.7,86,0,1551831052,10.65
537,Dejen,ET,55.89,10.16,38.15,94,76,1551831054,2.15
538,Thatta,IN,53.6,31.7,74.64,93,0,1551828600,2.24
539,Ben Tre,VN,74.52,10.24,106.37,99,88,1551831059,3.38
540,Benguela,AO,78.3,-12.58,13.4,100,64,1551831064,4.38
541,Kudahuvadhoo,MV,82.76,2.67,72.89,100,8,1551831064,8.63
542,Kurskaya,RU,29.25,44.04,44.45,76,24,1551831066,3.6
543,Zheleznodorozhnyy,RU,39.99,55.75,38.0,80,40,1551830746,11.18
544,Flin Flon,CA,6.8,54.77,-101.88,55,75,1551828900,12.75
545,Hun,BE,48.99,50.34,4.87,87,80,1551831040,10.29
546,Along,IN,49.14,28.17,94.8,95,92,1551831075,1.81
547,Dera Ismail Khan,PK,44.78,31.83,70.91,75,0,1551831077,4.27
548,Sao Felix do Xingu,BR,70.29,-6.64,-51.99,100,92,1551831078,1.14
549,Sangar,RU,-8.78,63.92,127.47,80,36,1551831078,3.94
550,Comodoro Rivadavia,AR,69.8,-45.87,-67.48,32,0,1551826800,16.11
551,Port Augusta,AU,68.0,-32.49,137.76,42,75,1551830964,19.46
552,Pervomayskoye,RU,15.08,57.07,86.23,86,76,1551831085,5.95
553,Acapulco,MX,82.4,16.86,-99.88,74,5,1551826140,10.29
554,Saryg-Sep,RU,8.28,51.49,95.55,77,68,1551831089,0.81
555,Timizart,DZ,41.63,36.8,4.25,90,0,1551831090,2.04
556,Mahanoro,MG,73.4,-19.9,48.8,100,92,1551831093,2.15
557,Sobolevo,RU,32.76,54.43,31.9,93,92,1551831093,21.05
558,Lata,IN,30.11,30.78,78.62,78,0,1551831095,2.71
559,Frontera,MX,73.4,18.53,-92.64,94,90,1551829440,4.7
560,Wyndham,GB,48.99,51.61,-3.54,93,92,1551831017,21.92
561,Hearst,CA,6.3,49.69,-83.67,63,56,1551831100,7.18
562,Salinopolis,BR,79.02,-0.61,-47.36,100,44,1551831100,6.29
